{"cameraMode":{"drawMode":0,"name":"Shaded","section":"Shading Mode"},"sceneLighting":true,"audioPlay":false,"sceneViewState":{"showFog":true,"showMaterialUpdate":false,"showSkybox":true,"showFlares":true,"showImageEffects":true,"showParticleSystems":true,"showVisualEffectGraphs":true,"m_FxEnabled":true},"in2DMode":false,"pivot":{"x":534.914794921875,"y":1511.798583984375,"z":-40.921051025390628},"rotation":{"x":-0.026995297521352769,"y":0.010495735332369805,"z":0.0002832542813848704,"w":0.9995825290679932},"size":906.0032958984375,"orthographic":false}