{"cameraMode":{"drawMode":0,"name":"Shaded","section":"Shading Mode"},"sceneLighting":true,"audioPlay":false,"sceneViewState":{"showFog":true,"showMaterialUpdate":false,"showSkybox":true,"showFlares":true,"showImageEffects":true,"showParticleSystems":true,"showVisualEffectGraphs":true,"m_FxEnabled":true},"in2DMode":false,"pivot":{"x":765.1639404296875,"y":1722.3590087890625,"z":101.63267517089844},"rotation":{"x":0.03748788312077522,"y":0.01348984707146883,"z":-0.0005063136341050267,"w":0.9992080330848694},"size":1646.505126953125,"orthographic":false}