{"cameraMode":{"drawMode":0,"name":"Shaded","section":"Shading Mode"},"sceneLighting":true,"audioPlay":false,"sceneViewState":{"showFog":true,"showMaterialUpdate":false,"showSkybox":true,"showFlares":true,"showImageEffects":true,"showParticleSystems":true},"in2DMode":false,"pivot":{"x":-1.4979248046875,"y":2.623046875,"z":-4.54083251953125},"rotation":{"x":0.017562126740813257,"y":0.8101439476013184,"z":-0.024317007511854173,"w":0.5854852795600891},"size":2.461801290512085,"orthographic":true}