{"cameraMode":{"drawMode":0,"name":"Shaded","section":"Shading Mode"},"sceneLighting":true,"audioPlay":false,"sceneViewState":{"showFog":true,"showMaterialUpdate":false,"showSkybox":true,"showFlares":true,"showImageEffects":true,"showParticleSystems":true},"in2DMode":false,"pivot":{"x":429.8124694824219,"y":1671.81298828125,"z":-107.08419036865235},"rotation":{"x":0.0014164760941639543,"y":0.3226298689842224,"z":-0.000493006722535938,"w":0.946539044380188},"size":1133.35595703125,"orthographic":true}