{"cameraMode":{"drawMode":0,"name":"Shaded","section":"Shading Mode"},"sceneLighting":true,"audioPlay":false,"sceneViewState":{"showFog":true,"showMaterialUpdate":false,"showSkybox":true,"showFlares":true,"showImageEffects":true,"showParticleSystems":true},"in2DMode":false,"pivot":{"x":868.841552734375,"y":2313.537353515625,"z":3.0473008155822756},"rotation":{"x":0.007189687807112932,"y":0.008097410202026368,"z":0.00005719301771023311,"w":-0.999945342540741},"size":826.5520629882813,"orthographic":false}