{"cameraMode":{"drawMode":0,"name":"Shaded","section":"Shading Mode"},"sceneLighting":true,"audioPlay":false,"sceneViewState":{"showFog":true,"showMaterialUpdate":false,"showSkybox":true,"showFlares":true,"showImageEffects":true,"showParticleSystems":true},"in2DMode":false,"pivot":{"x":499.72027587890627,"y":362.54388427734377,"z":8.297905921936036},"rotation":{"x":-0.025806093588471414,"y":0.009594280272722245,"z":-0.0002488014870323241,"w":-0.999625027179718},"size":1315.31298828125,"orthographic":false}