{"cameraMode":{"drawMode":0,"name":"Shaded","section":"Shading Mode"},"sceneLighting":false,"audioPlay":false,"sceneViewState":{"showFog":true,"showMaterialUpdate":false,"showSkybox":false,"showFlares":true,"showImageEffects":true,"showParticleSystems":true},"in2DMode":false,"pivot":{"x":1.0191161632537842,"y":-3.7208542823791506,"z":1.70011305809021},"rotation":{"x":-0.48992976546287539,"y":-0.2674001157283783,"z":0.1609470248222351,"w":-0.8139825463294983},"size":6.58336877822876,"orthographic":false}