{"cameraMode":{"drawMode":0,"name":"Shaded","section":"Shading Mode"},"sceneLighting":false,"audioPlay":false,"sceneViewState":{"showFog":true,"showMaterialUpdate":false,"showSkybox":false,"showFlares":true,"showImageEffects":true,"showParticleSystems":true},"in2DMode":false,"pivot":{"x":2.3946151733398439,"y":-1.2274513244628907,"z":2.4979794025421144},"rotation":{"x":-0.11865925788879395,"y":-0.26126423478126528,"z":0.032380275428295138,"w":-0.9574015140533447},"size":5.383368015289307,"orthographic":false}