{"cameraMode":{"drawMode":0,"name":"Shaded","section":"Shading Mode"},"sceneLighting":true,"audioPlay":false,"sceneViewState":{"showFog":true,"showMaterialUpdate":false,"showSkybox":true,"showFlares":true,"showImageEffects":true,"showParticleSystems":true},"in2DMode":false,"pivot":{"x":403.7034912109375,"y":397.2997131347656,"z":-209.5},"rotation":{"x":0.0014164760941639543,"y":0.3226298689842224,"z":-0.000493006722535938,"w":0.946539044380188},"size":766.6822509765625,"orthographic":true}