{"cameraMode":{"drawMode":0,"name":"Shaded","section":"Shading Mode"},"sceneLighting":true,"audioPlay":false,"sceneViewState":{"showFog":true,"showMaterialUpdate":false,"showSkybox":true,"showFlares":true,"showImageEffects":true,"showParticleSystems":true},"in2DMode":false,"pivot":{"x":582.863037109375,"y":1335.1689453125,"z":-151.9140625},"rotation":{"x":0.017689064145088197,"y":-0.0024019486736506225,"z":-0.000043622072553262115,"w":-0.9998451471328735},"size":717.7139282226563,"orthographic":true}